test_id,label
0,Pasture
1,River
2,Highway
3,Forest
4,River
5,AnnualCrop
6,Residential
7,SeaLake
8,HerbaceousVegetation
9,AnnualCrop
10,SeaLake
11,SeaLake
12,Industrial
13,Industrial
14,Pasture
15,HerbaceousVegetation
16,SeaLake
17,River
18,AnnualCrop
19,River
20,Forest
21,Industrial
22,SeaLake
23,SeaLake
24,Pasture
25,Industrial
26,AnnualCrop
27,Pasture
28,HerbaceousVegetation
29,Industrial
30,AnnualCrop
31,AnnualCrop
32,SeaLake
33,AnnualCrop
34,AnnualCrop
35,AnnualCrop
36,SeaLake
37,Industrial
38,SeaLake
39,SeaLake
40,Pasture
41,Pasture
42,Highway
43,SeaLake
44,Pasture
45,Highway
46,HerbaceousVegetation
47,Forest
48,Highway
49,Pasture
50,AnnualCrop
51,SeaLake
52,SeaLake
53,HerbaceousVegetation
54,Industrial
55,PermanentCrop
56,Residential
57,Pasture
58,SeaLake
59,Highway
60,Pasture
61,River
62,Residential
63,River
64,Forest
65,SeaLake
66,SeaLake
67,Residential
68,Highway
69,Forest
70,Forest
71,Pasture
72,River
73,Forest
74,AnnualCrop
75,Pasture
76,AnnualCrop
77,HerbaceousVegetation
78,Pasture
79,Forest
80,PermanentCrop
81,HerbaceousVegetation
82,River
83,River
84,SeaLake
85,SeaLake
86,Forest
87,AnnualCrop
88,Forest
89,SeaLake
90,HerbaceousVegetation
91,PermanentCrop
92,SeaLake
93,Forest
94,AnnualCrop
95,SeaLake
96,Pasture
97,Forest
98,Residential
99,Forest
100,SeaLake
101,Residential
102,Forest
103,Residential
104,Pasture
105,PermanentCrop
106,HerbaceousVegetation
107,HerbaceousVegetation
108,SeaLake
109,Industrial
110,Industrial
111,Highway
112,Forest
113,River
114,HerbaceousVegetation
115,SeaLake
116,SeaLake
117,River
118,SeaLake
119,Industrial
120,SeaLake
121,SeaLake
122,AnnualCrop
123,SeaLake
124,Pasture
125,SeaLake
126,Forest
127,AnnualCrop
128,Highway
129,River
130,Highway
131,HerbaceousVegetation
132,SeaLake
133,Forest
134,River
135,AnnualCrop
136,Highway
137,Forest
138,River
139,Forest
140,River
141,Forest
142,Highway
143,SeaLake
144,Highway
145,River
146,SeaLake
147,HerbaceousVegetation
148,River
149,Forest
150,HerbaceousVegetation
151,AnnualCrop
152,Pasture
153,Pasture
154,Pasture
155,SeaLake
156,SeaLake
157,Industrial
158,Highway
159,HerbaceousVegetation
160,PermanentCrop
161,Highway
162,Residential
163,PermanentCrop
164,Industrial
165,Highway
166,River
167,PermanentCrop
168,Highway
169,Highway
170,River
171,SeaLake
172,Pasture
173,Residential
174,PermanentCrop
175,Forest
176,Residential
177,Forest
178,AnnualCrop
179,Forest
180,Highway
181,SeaLake
182,Forest
183,Highway
184,AnnualCrop
185,River
186,Forest
187,Forest
188,Industrial
189,Forest
190,Pasture
191,Highway
192,Residential
193,Residential
194,Forest
195,HerbaceousVegetation
196,Pasture
197,Residential
198,AnnualCrop
199,AnnualCrop
200,River
201,SeaLake
202,AnnualCrop
203,Highway
204,River
205,Forest
206,Highway
207,AnnualCrop
208,Highway
209,Residential
210,SeaLake
211,Forest
212,Residential
213,HerbaceousVegetation
214,HerbaceousVegetation
215,Pasture
216,Residential
217,AnnualCrop
218,Forest
219,SeaLake
220,Forest
221,SeaLake
222,Industrial
223,HerbaceousVegetation
224,SeaLake
225,SeaLake
226,Residential
227,Forest
228,HerbaceousVegetation
229,Residential
230,Forest
231,PermanentCrop
232,Highway
233,River
234,Highway
235,AnnualCrop
236,HerbaceousVegetation
237,SeaLake
238,Pasture
239,Industrial
240,SeaLake
241,Pasture
242,River
243,Highway
244,Highway
245,Industrial
246,Highway
247,AnnualCrop
248,Residential
249,Pasture
250,Forest
251,SeaLake
252,Industrial
253,Forest
254,Industrial
255,Pasture
256,AnnualCrop
257,Pasture
258,River
259,Pasture
260,PermanentCrop
261,Pasture
262,Highway
263,SeaLake
264,Highway
265,Pasture
266,SeaLake
267,River
268,River
269,Pasture
270,SeaLake
271,SeaLake
272,Industrial
273,Industrial
274,SeaLake
275,River
276,SeaLake
277,Highway
278,River
279,Forest
280,SeaLake
281,SeaLake
282,River
283,Residential
284,River
285,Highway
286,River
287,HerbaceousVegetation
288,AnnualCrop
289,Industrial
290,HerbaceousVegetation
291,Pasture
292,Forest
293,River
294,HerbaceousVegetation
295,SeaLake
296,AnnualCrop
297,Residential
298,SeaLake
299,Residential
300,SeaLake
301,Highway
302,Highway
303,AnnualCrop
304,SeaLake
305,Pasture
306,Forest
307,PermanentCrop
308,Highway
309,SeaLake
310,Forest
311,AnnualCrop
312,PermanentCrop
313,Forest
314,Pasture
315,River
316,Industrial
317,PermanentCrop
318,SeaLake
319,River
320,Forest
321,Highway
322,Residential
323,Forest
324,Highway
325,SeaLake
326,Pasture
327,SeaLake
328,HerbaceousVegetation
329,AnnualCrop
330,AnnualCrop
331,River
332,PermanentCrop
333,AnnualCrop
334,Forest
335,Forest
336,SeaLake
337,Highway
338,AnnualCrop
339,PermanentCrop
340,AnnualCrop
341,Forest
342,SeaLake
343,SeaLake
344,HerbaceousVegetation
345,SeaLake
346,Residential
347,HerbaceousVegetation
348,Residential
349,Residential
350,Pasture
351,HerbaceousVegetation
352,AnnualCrop
353,SeaLake
354,Pasture
355,PermanentCrop
356,SeaLake
357,Forest
358,SeaLake
359,Forest
360,SeaLake
361,AnnualCrop
362,Forest
363,Industrial
364,Forest
365,PermanentCrop
366,Highway
367,Industrial
368,Highway
369,SeaLake
370,AnnualCrop
371,Residential
372,AnnualCrop
373,Residential
374,SeaLake
375,Pasture
376,SeaLake
377,Pasture
378,HerbaceousVegetation
379,AnnualCrop
380,Forest
381,HerbaceousVegetation
382,SeaLake
383,Highway
384,Industrial
385,Industrial
386,Pasture
387,PermanentCrop
388,River
389,Highway
390,PermanentCrop
391,SeaLake
392,Pasture
393,Highway
394,Highway
395,Highway
396,SeaLake
397,AnnualCrop
398,Forest
399,Highway
400,AnnualCrop
401,HerbaceousVegetation
402,HerbaceousVegetation
403,AnnualCrop
404,SeaLake
405,Pasture
406,AnnualCrop
407,Highway
408,PermanentCrop
409,AnnualCrop
410,Industrial
411,Industrial
412,Residential
413,HerbaceousVegetation
414,Forest
415,HerbaceousVegetation
416,Industrial
417,Industrial
418,HerbaceousVegetation
419,River
420,River
421,HerbaceousVegetation
422,Industrial
423,Pasture
424,HerbaceousVegetation
425,Forest
426,AnnualCrop
427,AnnualCrop
428,Highway
429,Industrial
430,HerbaceousVegetation
431,HerbaceousVegetation
432,AnnualCrop
433,Residential
434,Industrial
435,SeaLake
436,HerbaceousVegetation
437,River
438,SeaLake
439,Highway
440,HerbaceousVegetation
441,Forest
442,Residential
443,SeaLake
444,AnnualCrop
445,HerbaceousVegetation
446,Highway
447,SeaLake
448,PermanentCrop
449,PermanentCrop
450,River
451,Residential
452,Residential
453,HerbaceousVegetation
454,Residential
455,SeaLake
456,SeaLake
457,Industrial
458,River
459,Residential
460,River
461,River
462,Residential
463,Forest
464,PermanentCrop
465,Forest
466,SeaLake
467,HerbaceousVegetation
468,Highway
469,Highway
470,Pasture
471,SeaLake
472,HerbaceousVegetation
473,SeaLake
474,River
475,Residential
476,HerbaceousVegetation
477,Pasture
478,SeaLake
479,PermanentCrop
480,Highway
481,SeaLake
482,AnnualCrop
483,SeaLake
484,Highway
485,Industrial
486,Pasture
487,Industrial
488,SeaLake
489,HerbaceousVegetation
490,HerbaceousVegetation
491,Pasture
492,AnnualCrop
493,HerbaceousVegetation
494,Highway
495,SeaLake
496,Residential
497,Pasture
498,SeaLake
499,SeaLake
500,HerbaceousVegetation
501,River
502,Forest
503,AnnualCrop
504,River
505,Industrial
506,SeaLake
507,PermanentCrop
508,Highway
509,HerbaceousVegetation
510,Industrial
511,Forest
512,River
513,River
514,SeaLake
515,Forest
516,Forest
517,PermanentCrop
518,Forest
519,AnnualCrop
520,Residential
521,Pasture
522,SeaLake
523,Pasture
524,River
525,HerbaceousVegetation
526,River
527,River
528,SeaLake
529,Forest
530,Industrial
531,SeaLake
532,Industrial
533,HerbaceousVegetation
534,Pasture
535,River
536,Highway
537,SeaLake
538,Residential
539,PermanentCrop
540,Industrial
541,River
542,Industrial
543,Highway
544,River
545,Residential
546,SeaLake
547,Pasture
548,Highway
549,AnnualCrop
550,PermanentCrop
551,Pasture
552,AnnualCrop
553,PermanentCrop
554,Forest
555,AnnualCrop
556,Residential
557,Residential
558,River
559,Highway
560,SeaLake
561,Industrial
562,Pasture
563,Residential
564,Industrial
565,Highway
566,PermanentCrop
567,AnnualCrop
568,AnnualCrop
569,Forest
570,AnnualCrop
571,Residential
572,Highway
573,Industrial
574,HerbaceousVegetation
575,Industrial
576,Industrial
577,Pasture
578,SeaLake
579,PermanentCrop
580,Residential
581,HerbaceousVegetation
582,Residential
583,SeaLake
584,Forest
585,Highway
586,PermanentCrop
587,Pasture
588,River
589,Industrial
590,River
591,Industrial
592,AnnualCrop
593,Residential
594,SeaLake
595,PermanentCrop
596,SeaLake
597,SeaLake
598,SeaLake
599,Highway
600,SeaLake
601,AnnualCrop
602,Industrial
603,PermanentCrop
604,AnnualCrop
605,Industrial
606,SeaLake
607,Highway
608,SeaLake
609,Forest
610,HerbaceousVegetation
611,Pasture
612,Industrial
613,Residential
614,Residential
615,Forest
616,HerbaceousVegetation
617,Highway
618,Industrial
619,River
620,SeaLake
621,HerbaceousVegetation
622,Pasture
623,PermanentCrop
624,Forest
625,SeaLake
626,AnnualCrop
627,Pasture
628,Industrial
629,SeaLake
630,SeaLake
631,HerbaceousVegetation
632,AnnualCrop
633,Highway
634,Forest
635,Pasture
636,SeaLake
637,HerbaceousVegetation
638,Highway
639,Industrial
640,Pasture
641,AnnualCrop
642,Highway
643,Highway
644,AnnualCrop
645,Residential
646,AnnualCrop
647,PermanentCrop
648,AnnualCrop
649,SeaLake
650,Residential
651,Highway
652,River
653,River
654,AnnualCrop
655,PermanentCrop
656,Highway
657,Pasture
658,Residential
659,River
660,SeaLake
661,SeaLake
662,Pasture
663,Pasture
664,HerbaceousVegetation
665,AnnualCrop
666,Pasture
667,Residential
668,PermanentCrop
669,Pasture
670,Residential
671,River
672,AnnualCrop
673,HerbaceousVegetation
674,SeaLake
675,SeaLake
676,HerbaceousVegetation
677,Industrial
678,River
679,HerbaceousVegetation
680,Highway
681,SeaLake
682,Forest
683,Forest
684,Residential
685,SeaLake
686,AnnualCrop
687,PermanentCrop
688,Pasture
689,HerbaceousVegetation
690,Forest
691,Highway
692,SeaLake
693,River
694,Industrial
695,Forest
696,Residential
697,PermanentCrop
698,Highway
699,PermanentCrop
700,Pasture
701,Pasture
702,HerbaceousVegetation
703,Highway
704,River
705,Pasture
706,HerbaceousVegetation
707,River
708,Highway
709,SeaLake
710,Pasture
711,Highway
712,Industrial
713,HerbaceousVegetation
714,HerbaceousVegetation
715,SeaLake
716,Pasture
717,River
718,HerbaceousVegetation
719,Pasture
720,AnnualCrop
721,Industrial
722,Pasture
723,Residential
724,Pasture
725,River
726,Forest
727,HerbaceousVegetation
728,SeaLake
729,Forest
730,PermanentCrop
731,PermanentCrop
732,River
733,Pasture
734,Pasture
735,Residential
736,Highway
737,SeaLake
738,Highway
739,AnnualCrop
740,Pasture
741,Industrial
742,Forest
743,AnnualCrop
744,River
745,Forest
746,SeaLake
747,Forest
748,Industrial
749,Industrial
750,Residential
751,Residential
752,Highway
753,PermanentCrop
754,Highway
755,SeaLake
756,SeaLake
757,SeaLake
758,Forest
759,River
760,Highway
761,Residential
762,Pasture
763,SeaLake
764,River
765,HerbaceousVegetation
766,HerbaceousVegetation
767,SeaLake
768,Pasture
769,AnnualCrop
770,SeaLake
771,Pasture
772,SeaLake
773,SeaLake
774,Forest
775,PermanentCrop
776,AnnualCrop
777,SeaLake
778,Highway
779,Industrial
780,Pasture
781,Forest
782,SeaLake
783,HerbaceousVegetation
784,AnnualCrop
785,SeaLake
786,Highway
787,PermanentCrop
788,Pasture
789,Industrial
790,Residential
791,SeaLake
792,River
793,PermanentCrop
794,Industrial
795,AnnualCrop
796,HerbaceousVegetation
797,Residential
798,SeaLake
799,HerbaceousVegetation
800,Forest
801,Pasture
802,River
803,PermanentCrop
804,Pasture
805,AnnualCrop
806,HerbaceousVegetation
807,Forest
808,HerbaceousVegetation
809,AnnualCrop
810,Industrial
811,HerbaceousVegetation
812,River
813,Industrial
814,Forest
815,Residential
816,SeaLake
817,Highway
818,Highway
819,Residential
820,Pasture
821,Industrial
822,SeaLake
823,PermanentCrop
824,SeaLake
825,River
826,River
827,Pasture
828,SeaLake
829,Highway
830,PermanentCrop
831,Industrial
832,HerbaceousVegetation
833,River
834,Pasture
835,SeaLake
836,Industrial
837,Residential
838,HerbaceousVegetation
839,HerbaceousVegetation
840,Residential
841,Highway
842,SeaLake
843,Industrial
844,Forest
845,Residential
846,SeaLake
847,Forest
848,HerbaceousVegetation
849,Residential
850,Industrial
851,Industrial
852,PermanentCrop
853,Forest
854,Industrial
855,Forest
856,HerbaceousVegetation
857,SeaLake
858,PermanentCrop
859,HerbaceousVegetation
860,SeaLake
861,HerbaceousVegetation
862,Highway
863,Industrial
864,Pasture
865,SeaLake
866,River
867,SeaLake
868,Forest
869,SeaLake
870,AnnualCrop
871,Residential
872,Industrial
873,Industrial
874,River
875,River
876,Industrial
877,AnnualCrop
878,Forest
879,HerbaceousVegetation
880,PermanentCrop
881,River
882,Industrial
883,HerbaceousVegetation
884,SeaLake
885,AnnualCrop
886,Pasture
887,Residential
888,AnnualCrop
889,SeaLake
890,Residential
891,River
892,Pasture
893,SeaLake
894,River
895,River
896,Residential
897,Highway
898,Pasture
899,Forest
900,PermanentCrop
901,HerbaceousVegetation
902,Industrial
903,River
904,Forest
905,Forest
906,PermanentCrop
907,Residential
908,HerbaceousVegetation
909,SeaLake
910,Forest
911,Industrial
912,River
913,Industrial
914,HerbaceousVegetation
915,PermanentCrop
916,Forest
917,SeaLake
918,River
919,Forest
920,SeaLake
921,SeaLake
922,River
923,SeaLake
924,Highway
925,PermanentCrop
926,HerbaceousVegetation
927,Forest
928,PermanentCrop
929,Pasture
930,Highway
931,Residential
932,PermanentCrop
933,PermanentCrop
934,Pasture
935,SeaLake
936,River
937,Pasture
938,SeaLake
939,SeaLake
940,Forest
941,PermanentCrop
942,HerbaceousVegetation
943,AnnualCrop
944,HerbaceousVegetation
945,Industrial
946,Forest
947,HerbaceousVegetation
948,SeaLake
949,Forest
950,PermanentCrop
951,SeaLake
952,River
953,PermanentCrop
954,River
955,SeaLake
956,SeaLake
957,Pasture
958,Pasture
959,HerbaceousVegetation
960,SeaLake
961,Highway
962,Industrial
963,PermanentCrop
964,Forest
965,AnnualCrop
966,SeaLake
967,AnnualCrop
968,River
969,Forest
970,Residential
971,Residential
972,Industrial
973,Pasture
974,Industrial
975,Forest
976,SeaLake
977,HerbaceousVegetation
978,Forest
979,SeaLake
980,Highway
981,SeaLake
982,Pasture
983,HerbaceousVegetation
984,AnnualCrop
985,Highway
986,HerbaceousVegetation
987,Highway
988,Highway
989,PermanentCrop
990,HerbaceousVegetation
991,SeaLake
992,Forest
993,Industrial
994,SeaLake
995,Residential
996,SeaLake
997,Highway
998,Highway
999,SeaLake
1000,Industrial
1001,SeaLake
1002,AnnualCrop
1003,PermanentCrop
1004,SeaLake
1005,Forest
1006,Forest
1007,HerbaceousVegetation
1008,PermanentCrop
1009,Pasture
1010,Pasture
1011,Industrial
1012,Industrial
1013,Forest
1014,Industrial
1015,SeaLake
1016,HerbaceousVegetation
1017,Forest
1018,HerbaceousVegetation
1019,PermanentCrop
1020,SeaLake
1021,PermanentCrop
1022,AnnualCrop
1023,Residential
1024,SeaLake
1025,Pasture
1026,River
1027,HerbaceousVegetation
1028,Residential
1029,Highway
1030,Residential
1031,AnnualCrop
1032,SeaLake
1033,Residential
1034,Residential
1035,Forest
1036,Forest
1037,Pasture
1038,Industrial
1039,River
1040,HerbaceousVegetation
1041,Forest
1042,Industrial
1043,River
1044,River
1045,Residential
1046,SeaLake
1047,SeaLake
1048,AnnualCrop
1049,Industrial
1050,Forest
1051,AnnualCrop
1052,PermanentCrop
1053,HerbaceousVegetation
1054,SeaLake
1055,PermanentCrop
1056,AnnualCrop
1057,SeaLake
1058,Forest
1059,River
1060,Pasture
1061,Forest
1062,SeaLake
1063,HerbaceousVegetation
1064,River
1065,Highway
1066,HerbaceousVegetation
1067,River
1068,River
1069,SeaLake
1070,HerbaceousVegetation
1071,Pasture
1072,Industrial
1073,Residential
1074,Forest
1075,Pasture
1076,Forest
1077,Forest
1078,Highway
1079,Industrial
1080,Forest
1081,HerbaceousVegetation
1082,Highway
1083,Forest
1084,Highway
1085,Highway
1086,AnnualCrop
1087,PermanentCrop
1088,HerbaceousVegetation
1089,Highway
1090,Industrial
1091,River
1092,HerbaceousVegetation
1093,AnnualCrop
1094,SeaLake
1095,Highway
1096,Residential
1097,Forest
1098,Residential
1099,Forest
1100,SeaLake
1101,River
1102,Highway
1103,AnnualCrop
1104,AnnualCrop
1105,SeaLake
1106,AnnualCrop
1107,PermanentCrop
1108,Forest
1109,Pasture
1110,HerbaceousVegetation
1111,AnnualCrop
1112,AnnualCrop
1113,River
1114,HerbaceousVegetation
1115,Forest
1116,Highway
1117,Highway
1118,Pasture
1119,Highway
1120,Forest
1121,River
1122,AnnualCrop
1123,Pasture
1124,Industrial
1125,Industrial
1126,Industrial
1127,Pasture
1128,Industrial
1129,Residential
1130,Pasture
1131,SeaLake
1132,HerbaceousVegetation
1133,Forest
1134,Highway
1135,Residential
1136,Residential
1137,Highway
1138,SeaLake
1139,HerbaceousVegetation
1140,PermanentCrop
1141,Forest
1142,PermanentCrop
1143,SeaLake
1144,Forest
1145,HerbaceousVegetation
1146,Industrial
1147,HerbaceousVegetation
1148,Industrial
1149,Highway
1150,Residential
1151,Highway
1152,River
1153,SeaLake
1154,Forest
1155,PermanentCrop
1156,Forest
1157,AnnualCrop
1158,Forest
1159,Forest
1160,AnnualCrop
1161,Pasture
1162,River
1163,AnnualCrop
1164,Industrial
1165,Highway
1166,Highway
1167,Residential
1168,PermanentCrop
1169,Industrial
1170,SeaLake
1171,Highway
1172,Forest
1173,River
1174,AnnualCrop
1175,PermanentCrop
1176,AnnualCrop
1177,Forest
1178,Highway
1179,River
1180,AnnualCrop
1181,River
1182,Highway
1183,Forest
1184,Industrial
1185,Industrial
1186,Residential
1187,Forest
1188,River
1189,Forest
1190,Pasture
1191,SeaLake
1192,River
1193,AnnualCrop
1194,SeaLake
1195,Industrial
1196,SeaLake
1197,AnnualCrop
1198,Pasture
1199,HerbaceousVegetation
1200,SeaLake
1201,AnnualCrop
1202,Forest
1203,Pasture
1204,SeaLake
1205,Forest
1206,SeaLake
1207,PermanentCrop
1208,HerbaceousVegetation
1209,River
1210,Industrial
1211,Pasture
1212,Forest
1213,SeaLake
1214,River
1215,Forest
1216,SeaLake
1217,SeaLake
1218,Industrial
1219,HerbaceousVegetation
1220,Industrial
1221,Residential
1222,SeaLake
1223,SeaLake
1224,River
1225,Forest
1226,Pasture
1227,AnnualCrop
1228,Highway
1229,PermanentCrop
1230,SeaLake
1231,HerbaceousVegetation
1232,SeaLake
1233,HerbaceousVegetation
1234,AnnualCrop
1235,Forest
1236,PermanentCrop
1237,Highway
1238,Forest
1239,Pasture
1240,AnnualCrop
1241,Residential
1242,Pasture
1243,River
1244,Pasture
1245,Forest
1246,SeaLake
1247,Pasture
1248,AnnualCrop
1249,Highway
1250,Highway
1251,Industrial
1252,HerbaceousVegetation
1253,SeaLake
1254,AnnualCrop
1255,HerbaceousVegetation
1256,Residential
1257,River
1258,Highway
1259,SeaLake
1260,Forest
1261,Industrial
1262,Forest
1263,Industrial
1264,River
1265,AnnualCrop
1266,Pasture
1267,Pasture
1268,HerbaceousVegetation
1269,Industrial
1270,Forest
1271,Pasture
1272,River
1273,Highway
1274,River
1275,Pasture
1276,AnnualCrop
1277,Pasture
1278,AnnualCrop
1279,Residential
1280,Pasture
1281,SeaLake
1282,SeaLake
1283,Highway
1284,River
1285,SeaLake
1286,PermanentCrop
1287,AnnualCrop
1288,River
1289,Residential
1290,HerbaceousVegetation
1291,Residential
1292,Forest
1293,SeaLake
1294,SeaLake
1295,Residential
1296,AnnualCrop
1297,Pasture
1298,Pasture
1299,Forest
1300,HerbaceousVegetation
1301,Residential
1302,PermanentCrop
1303,Residential
1304,SeaLake
1305,Forest
1306,Pasture
1307,River
1308,Pasture
1309,Pasture
1310,HerbaceousVegetation
1311,SeaLake
1312,HerbaceousVegetation
1313,River
1314,Forest
1315,AnnualCrop
1316,Pasture
1317,Forest
1318,Pasture
1319,SeaLake
1320,Highway
1321,SeaLake
1322,SeaLake
1323,SeaLake
1324,HerbaceousVegetation
1325,Industrial
1326,Industrial
1327,Pasture
1328,Residential
1329,Highway
1330,Residential
1331,SeaLake
1332,SeaLake
1333,SeaLake
1334,Industrial
1335,Industrial
1336,Highway
1337,Pasture
1338,Pasture
1339,Highway
1340,River
1341,SeaLake
1342,Residential
1343,Industrial
1344,PermanentCrop
1345,Forest
1346,PermanentCrop
1347,Pasture
1348,AnnualCrop
1349,SeaLake
1350,Pasture
1351,SeaLake
1352,AnnualCrop
1353,Highway
1354,Highway
1355,Industrial
1356,SeaLake
1357,Highway
1358,Highway
1359,River
1360,PermanentCrop
1361,River
1362,Pasture
1363,SeaLake
1364,Highway
1365,SeaLake
1366,Pasture
1367,Pasture
1368,Residential
1369,Forest
1370,Highway
1371,Industrial
1372,Pasture
1373,Industrial
1374,River
1375,PermanentCrop
1376,River
1377,Forest
1378,AnnualCrop
1379,Industrial
1380,Forest
1381,PermanentCrop
1382,Highway
1383,Pasture
1384,Residential
1385,AnnualCrop
1386,AnnualCrop
1387,SeaLake
1388,HerbaceousVegetation
1389,Highway
1390,Pasture
1391,Forest
1392,SeaLake
1393,Forest
1394,AnnualCrop
1395,PermanentCrop
1396,Residential
1397,Highway
1398,Industrial
1399,PermanentCrop
1400,Residential
1401,PermanentCrop
1402,Industrial
1403,Industrial
1404,PermanentCrop
1405,Pasture
1406,HerbaceousVegetation
1407,River
1408,SeaLake
1409,HerbaceousVegetation
1410,PermanentCrop
1411,SeaLake
1412,Highway
1413,Pasture
1414,AnnualCrop
1415,AnnualCrop
1416,Forest
1417,HerbaceousVegetation
1418,SeaLake
1419,AnnualCrop
1420,River
1421,Highway
1422,AnnualCrop
1423,SeaLake
1424,PermanentCrop
1425,SeaLake
1426,HerbaceousVegetation
1427,Industrial
1428,SeaLake
1429,SeaLake
1430,River
1431,HerbaceousVegetation
1432,HerbaceousVegetation
1433,Forest
1434,PermanentCrop
1435,Pasture
1436,Highway
1437,Pasture
1438,SeaLake
1439,Highway
1440,Pasture
1441,Pasture
1442,HerbaceousVegetation
1443,Highway
1444,Highway
1445,Highway
1446,Industrial
1447,HerbaceousVegetation
1448,AnnualCrop
1449,Forest
1450,Industrial
1451,Forest
1452,Industrial
1453,HerbaceousVegetation
1454,Forest
1455,Highway
1456,Industrial
1457,HerbaceousVegetation
1458,SeaLake
1459,Forest
1460,Highway
1461,Residential
1462,SeaLake
1463,Highway
1464,PermanentCrop
1465,Forest
1466,Residential
1467,Forest
1468,River
1469,Forest
1470,SeaLake
1471,SeaLake
1472,HerbaceousVegetation
1473,HerbaceousVegetation
1474,Pasture
1475,AnnualCrop
1476,Industrial
1477,Highway
1478,Pasture
1479,Pasture
1480,Forest
1481,SeaLake
1482,SeaLake
1483,Forest
1484,River
1485,AnnualCrop
1486,Industrial
1487,SeaLake
1488,Industrial
1489,River
1490,Highway
1491,River
1492,Industrial
1493,Residential
1494,Highway
1495,SeaLake
1496,River
1497,SeaLake
1498,AnnualCrop
1499,Forest
1500,HerbaceousVegetation
1501,Pasture
1502,PermanentCrop
1503,River
1504,Residential
1505,Highway
1506,SeaLake
1507,AnnualCrop
1508,HerbaceousVegetation
1509,Pasture
1510,PermanentCrop
1511,AnnualCrop
1512,River
1513,Highway
1514,Highway
1515,Highway
1516,Forest
1517,SeaLake
1518,PermanentCrop
1519,Forest
1520,SeaLake
1521,Industrial
1522,HerbaceousVegetation
1523,HerbaceousVegetation
1524,River
1525,HerbaceousVegetation
1526,Pasture
1527,Pasture
1528,Pasture
1529,PermanentCrop
1530,Forest
1531,River
1532,Forest
1533,SeaLake
1534,Pasture
1535,Residential
1536,Highway
1537,Residential
1538,SeaLake
1539,SeaLake
1540,HerbaceousVegetation
1541,Industrial
1542,HerbaceousVegetation
1543,AnnualCrop
1544,River
1545,SeaLake
1546,Residential
1547,AnnualCrop
1548,Highway
1549,AnnualCrop
1550,SeaLake
1551,HerbaceousVegetation
1552,Industrial
1553,HerbaceousVegetation
1554,Pasture
1555,Pasture
1556,Forest
1557,SeaLake
1558,Highway
1559,Highway
1560,River
1561,AnnualCrop
1562,Residential
1563,Industrial
1564,River
1565,AnnualCrop
1566,HerbaceousVegetation
1567,PermanentCrop
1568,Industrial
1569,Residential
1570,Residential
1571,Residential
1572,River
1573,Forest
1574,Highway
1575,SeaLake
1576,PermanentCrop
1577,Forest
1578,SeaLake
1579,River
1580,River
1581,Pasture
1582,River
1583,PermanentCrop
1584,River
1585,Residential
1586,Industrial
1587,PermanentCrop
1588,Residential
1589,River
1590,Residential
1591,River
1592,River
1593,HerbaceousVegetation
1594,HerbaceousVegetation
1595,Highway
1596,AnnualCrop
1597,HerbaceousVegetation
1598,Pasture
1599,HerbaceousVegetation
1600,Highway
1601,Pasture
1602,AnnualCrop
1603,Forest
1604,SeaLake
1605,SeaLake
1606,Pasture
1607,SeaLake
1608,AnnualCrop
1609,HerbaceousVegetation
1610,River
1611,PermanentCrop
1612,Industrial
1613,Industrial
1614,Industrial
1615,Residential
1616,Pasture
1617,PermanentCrop
1618,Residential
1619,AnnualCrop
1620,Highway
1621,Industrial
1622,Industrial
1623,SeaLake
1624,Forest
1625,HerbaceousVegetation
1626,SeaLake
1627,Highway
1628,HerbaceousVegetation
1629,SeaLake
1630,PermanentCrop
1631,Residential
1632,AnnualCrop
1633,HerbaceousVegetation
1634,AnnualCrop
1635,Pasture
1636,Industrial
1637,Pasture
1638,Forest
1639,Highway
1640,River
1641,SeaLake
1642,SeaLake
1643,Pasture
1644,HerbaceousVegetation
1645,Forest
1646,Highway
1647,Pasture
1648,Industrial
1649,Highway
1650,AnnualCrop
1651,HerbaceousVegetation
1652,SeaLake
1653,Residential
1654,Pasture
1655,River
1656,SeaLake
1657,River
1658,Pasture
1659,Residential
1660,Highway
1661,PermanentCrop
1662,HerbaceousVegetation
1663,River
1664,Forest
1665,Industrial
1666,Industrial
1667,SeaLake
1668,Pasture
1669,PermanentCrop
1670,SeaLake
1671,Residential
1672,Highway
1673,Pasture
1674,Highway
1675,PermanentCrop
1676,Pasture
1677,Residential
1678,AnnualCrop
1679,Highway
1680,SeaLake
1681,Industrial
1682,SeaLake
1683,HerbaceousVegetation
1684,HerbaceousVegetation
1685,Highway
1686,Residential
1687,Highway
1688,Highway
1689,River
1690,Residential
1691,Forest
1692,Residential
1693,SeaLake
1694,SeaLake
1695,Pasture
1696,SeaLake
1697,Pasture
1698,AnnualCrop
1699,Highway
1700,Industrial
1701,PermanentCrop
1702,Forest
1703,River
1704,SeaLake
1705,SeaLake
1706,AnnualCrop
1707,Industrial
1708,Residential
1709,HerbaceousVegetation
1710,River
1711,AnnualCrop
1712,Forest
1713,Residential
1714,SeaLake
1715,River
1716,River
1717,River
1718,AnnualCrop
1719,HerbaceousVegetation
1720,Pasture
1721,SeaLake
1722,AnnualCrop
1723,AnnualCrop
1724,Residential
1725,Forest
1726,AnnualCrop
1727,SeaLake
1728,AnnualCrop
1729,AnnualCrop
1730,AnnualCrop
1731,Highway
1732,Residential
1733,HerbaceousVegetation
1734,HerbaceousVegetation
1735,River
1736,Industrial
1737,Pasture
1738,AnnualCrop
1739,AnnualCrop
1740,Highway
1741,SeaLake
1742,SeaLake
1743,HerbaceousVegetation
1744,SeaLake
1745,River
1746,Forest
1747,Pasture
1748,Pasture
1749,Pasture
1750,River
1751,Highway
1752,Residential
1753,Industrial
1754,Highway
1755,AnnualCrop
1756,HerbaceousVegetation
1757,SeaLake
1758,Forest
1759,Industrial
1760,AnnualCrop
1761,Highway
1762,PermanentCrop
1763,PermanentCrop
1764,Highway
1765,Industrial
1766,HerbaceousVegetation
1767,SeaLake
1768,AnnualCrop
1769,HerbaceousVegetation
1770,River
1771,PermanentCrop
1772,Forest
1773,Forest
1774,Pasture
1775,SeaLake
1776,HerbaceousVegetation
1777,HerbaceousVegetation
1778,HerbaceousVegetation
1779,Industrial
1780,SeaLake
1781,PermanentCrop
1782,Pasture
1783,Industrial
1784,Highway
1785,PermanentCrop
1786,PermanentCrop
1787,Forest
1788,Industrial
1789,Industrial
1790,Residential
1791,AnnualCrop
1792,PermanentCrop
1793,Highway
1794,Industrial
1795,Residential
1796,SeaLake
1797,PermanentCrop
1798,River
1799,Forest
1800,PermanentCrop
1801,Highway
1802,Residential
1803,AnnualCrop
1804,Residential
1805,Industrial
1806,HerbaceousVegetation
1807,PermanentCrop
1808,Highway
1809,Highway
1810,Forest
1811,River
1812,Forest
1813,Industrial
1814,PermanentCrop
1815,Residential
1816,PermanentCrop
1817,River
1818,AnnualCrop
1819,Highway
1820,Forest
1821,AnnualCrop
1822,SeaLake
1823,Residential
1824,Pasture
1825,Highway
1826,AnnualCrop
1827,Highway
1828,AnnualCrop
1829,Forest
1830,AnnualCrop
1831,Residential
1832,Forest
1833,Highway
1834,PermanentCrop
1835,Industrial
1836,Residential
1837,Industrial
1838,Pasture
1839,Highway
1840,AnnualCrop
1841,PermanentCrop
1842,HerbaceousVegetation
1843,SeaLake
1844,PermanentCrop
1845,Highway
1846,Industrial
1847,HerbaceousVegetation
1848,PermanentCrop
1849,Forest
1850,AnnualCrop
1851,Highway
1852,PermanentCrop
1853,Highway
1854,AnnualCrop
1855,SeaLake
1856,Forest
1857,AnnualCrop
1858,River
1859,Residential
1860,Highway
1861,SeaLake
1862,River
1863,Forest
1864,Highway
1865,Forest
1866,Highway
1867,River
1868,River
1869,Forest
1870,Residential
1871,Highway
1872,PermanentCrop
1873,Industrial
1874,Highway
1875,AnnualCrop
1876,River
1877,Forest
1878,SeaLake
1879,SeaLake
1880,Forest
1881,Pasture
1882,Industrial
1883,AnnualCrop
1884,Residential
1885,HerbaceousVegetation
1886,Pasture
1887,River
1888,Pasture
1889,SeaLake
1890,Highway
1891,Residential
1892,HerbaceousVegetation
1893,SeaLake
1894,SeaLake
1895,Pasture
1896,Highway
1897,River
1898,Forest
1899,Pasture
1900,SeaLake
1901,Highway
1902,SeaLake
1903,Forest
1904,AnnualCrop
1905,HerbaceousVegetation
1906,Residential
1907,Forest
1908,Residential
1909,SeaLake
1910,Industrial
1911,Pasture
1912,River
1913,SeaLake
1914,Industrial
1915,Highway
1916,SeaLake
1917,PermanentCrop
1918,Highway
1919,PermanentCrop
1920,Industrial
1921,Forest
1922,Forest
1923,Residential
1924,Industrial
1925,Residential
1926,Residential
1927,Highway
1928,Forest
1929,SeaLake
1930,Forest
1931,HerbaceousVegetation
1932,SeaLake
1933,SeaLake
1934,River
1935,PermanentCrop
1936,PermanentCrop
1937,SeaLake
1938,Forest
1939,HerbaceousVegetation
1940,Residential
1941,SeaLake
1942,Residential
1943,SeaLake
1944,River
1945,Forest
1946,River
1947,Residential
1948,Pasture
1949,Pasture
1950,Highway
1951,Industrial
1952,Pasture
1953,Forest
1954,Pasture
1955,HerbaceousVegetation
1956,SeaLake
1957,Highway
1958,HerbaceousVegetation
1959,HerbaceousVegetation
1960,Forest
1961,AnnualCrop
1962,Industrial
1963,Highway
1964,HerbaceousVegetation
1965,PermanentCrop
1966,Industrial
1967,PermanentCrop
1968,SeaLake
1969,Pasture
1970,AnnualCrop
1971,River
1972,Highway
1973,River
1974,Industrial
1975,Highway
1976,HerbaceousVegetation
1977,AnnualCrop
1978,PermanentCrop
1979,Pasture
1980,AnnualCrop
1981,PermanentCrop
1982,SeaLake
1983,SeaLake
1984,Forest
1985,SeaLake
1986,Residential
1987,River
1988,Forest
1989,PermanentCrop
1990,Pasture
1991,Residential
1992,SeaLake
1993,AnnualCrop
1994,Highway
1995,PermanentCrop
1996,Industrial
1997,Industrial
1998,AnnualCrop
1999,HerbaceousVegetation
2000,River
2001,River
2002,Residential
2003,AnnualCrop
2004,Industrial
2005,HerbaceousVegetation
2006,River
2007,River
2008,River
2009,Residential
2010,Forest
2011,HerbaceousVegetation
2012,PermanentCrop
2013,Residential
2014,Forest
2015,HerbaceousVegetation
2016,Forest
2017,PermanentCrop
2018,Industrial
2019,HerbaceousVegetation
2020,Forest
2021,SeaLake
2022,River
2023,SeaLake
2024,HerbaceousVegetation
2025,AnnualCrop
2026,Residential
2027,SeaLake
2028,Residential
2029,Industrial
2030,Highway
2031,Highway
2032,SeaLake
2033,SeaLake
2034,Forest
2035,River
2036,HerbaceousVegetation
2037,SeaLake
2038,Forest
2039,Pasture
2040,AnnualCrop
2041,River
2042,PermanentCrop
2043,Highway
2044,Forest
2045,Forest
2046,SeaLake
2047,Pasture
2048,HerbaceousVegetation
2049,HerbaceousVegetation
2050,Highway
2051,Highway
2052,HerbaceousVegetation
2053,Industrial
2054,SeaLake
2055,Highway
2056,Residential
2057,AnnualCrop
2058,Industrial
2059,River
2060,Pasture
2061,SeaLake
2062,River
2063,Residential
2064,SeaLake
2065,Forest
2066,Forest
2067,Forest
2068,Highway
2069,Highway
2070,Pasture
2071,Residential
2072,Pasture
2073,PermanentCrop
2074,Highway
2075,Residential
2076,Pasture
2077,River
2078,Forest
2079,Residential
2080,PermanentCrop
2081,Industrial
2082,HerbaceousVegetation
2083,River
2084,Highway
2085,River
2086,PermanentCrop
2087,Residential
2088,Forest
2089,HerbaceousVegetation
2090,River
2091,SeaLake
2092,AnnualCrop
2093,River
2094,Pasture
2095,Residential
2096,HerbaceousVegetation
2097,Residential
2098,Pasture
2099,AnnualCrop
2100,Forest
2101,AnnualCrop
2102,HerbaceousVegetation
2103,PermanentCrop
2104,Forest
2105,PermanentCrop
2106,AnnualCrop
2107,SeaLake
2108,HerbaceousVegetation
2109,SeaLake
2110,SeaLake
2111,HerbaceousVegetation
2112,SeaLake
2113,Pasture
2114,River
2115,Industrial
2116,AnnualCrop
2117,Highway
2118,Industrial
2119,Forest
2120,PermanentCrop
2121,Forest
2122,HerbaceousVegetation
2123,AnnualCrop
2124,AnnualCrop
2125,River
2126,SeaLake
2127,Industrial
2128,Forest
2129,Industrial
2130,SeaLake
2131,Residential
2132,SeaLake
2133,Residential
2134,SeaLake
2135,AnnualCrop
2136,HerbaceousVegetation
2137,Pasture
2138,Highway
2139,River
2140,Forest
2141,AnnualCrop
2142,AnnualCrop
2143,Forest
2144,Residential
2145,SeaLake
2146,PermanentCrop
2147,Pasture
2148,Highway
2149,AnnualCrop
2150,Forest
2151,SeaLake
2152,AnnualCrop
2153,Highway
2154,Industrial
2155,HerbaceousVegetation
2156,Highway
2157,SeaLake
2158,River
2159,SeaLake
2160,Forest
2161,Forest
2162,PermanentCrop
2163,AnnualCrop
2164,Forest
2165,AnnualCrop
2166,Highway
2167,HerbaceousVegetation
2168,HerbaceousVegetation
2169,River
2170,Industrial
2171,Forest
2172,Industrial
2173,Industrial
2174,Residential
2175,SeaLake
2176,HerbaceousVegetation
2177,HerbaceousVegetation
2178,SeaLake
2179,River
2180,River
2181,Residential
2182,SeaLake
2183,River
2184,SeaLake
2185,HerbaceousVegetation
2186,Industrial
2187,Residential
2188,PermanentCrop
2189,Forest
2190,HerbaceousVegetation
2191,River
2192,River
2193,PermanentCrop
2194,River
2195,PermanentCrop
2196,SeaLake
2197,Pasture
2198,Industrial
2199,HerbaceousVegetation
2200,Industrial
2201,River
2202,Highway
2203,Residential
2204,SeaLake
2205,Pasture
2206,Highway
2207,Residential
2208,Highway
2209,Forest
2210,Forest
2211,Forest
2212,AnnualCrop
2213,SeaLake
2214,Forest
2215,Highway
2216,Pasture
2217,HerbaceousVegetation
2218,Highway
2219,HerbaceousVegetation
2220,HerbaceousVegetation
2221,Residential
2222,Industrial
2223,Highway
2224,AnnualCrop
2225,River
2226,PermanentCrop
2227,SeaLake
2228,Highway
2229,Residential
2230,River
2231,SeaLake
2232,Highway
2233,AnnualCrop
2234,Highway
2235,Highway
2236,Highway
2237,PermanentCrop
2238,Forest
2239,SeaLake
2240,Pasture
2241,Industrial
2242,Residential
2243,Forest
2244,Forest
2245,Industrial
2246,SeaLake
2247,Highway
2248,SeaLake
2249,SeaLake
2250,River
2251,River
2252,Forest
2253,River
2254,SeaLake
2255,Pasture
2256,River
2257,Forest
2258,Pasture
2259,PermanentCrop
2260,SeaLake
2261,Forest
2262,Pasture
2263,River
2264,SeaLake
2265,Highway
2266,Residential
2267,Pasture
2268,SeaLake
2269,SeaLake
2270,SeaLake
2271,Residential
2272,AnnualCrop
2273,Highway
2274,AnnualCrop
2275,Highway
2276,River
2277,Pasture
2278,HerbaceousVegetation
2279,Forest
2280,HerbaceousVegetation
2281,Industrial
2282,Industrial
2283,Forest
2284,SeaLake
2285,AnnualCrop
2286,Industrial
2287,Pasture
2288,PermanentCrop
2289,AnnualCrop
2290,SeaLake
2291,Highway
2292,PermanentCrop
2293,HerbaceousVegetation
2294,AnnualCrop
2295,HerbaceousVegetation
2296,Highway
2297,Residential
2298,River
2299,AnnualCrop
2300,SeaLake
2301,Industrial
2302,Forest
2303,Pasture
2304,HerbaceousVegetation
2305,SeaLake
2306,AnnualCrop
2307,Highway
2308,Industrial
2309,Pasture
2310,HerbaceousVegetation
2311,Forest
2312,Forest
2313,Industrial
2314,HerbaceousVegetation
2315,Forest
2316,HerbaceousVegetation
2317,AnnualCrop
2318,SeaLake
2319,Residential
2320,Industrial
2321,AnnualCrop
2322,SeaLake
2323,AnnualCrop
2324,River
2325,Pasture
2326,SeaLake
2327,PermanentCrop
2328,Residential
2329,HerbaceousVegetation
2330,SeaLake
2331,River
2332,HerbaceousVegetation
2333,River
2334,River
2335,Pasture
2336,Industrial
2337,Residential
2338,Industrial
2339,Pasture
2340,Industrial
2341,Industrial
2342,Industrial
2343,Forest
2344,SeaLake
2345,Pasture
2346,Industrial
2347,SeaLake
2348,SeaLake
2349,AnnualCrop
2350,SeaLake
2351,Industrial
2352,River
2353,Highway
2354,PermanentCrop
2355,Forest
2356,Residential
2357,Forest
2358,SeaLake
2359,Forest
2360,Residential
2361,Highway
2362,Pasture
2363,PermanentCrop
2364,SeaLake
2365,River
2366,River
2367,Forest
2368,AnnualCrop
2369,AnnualCrop
2370,PermanentCrop
2371,Pasture
2372,Pasture
2373,SeaLake
2374,Residential
2375,SeaLake
2376,Pasture
2377,Residential
2378,Highway
2379,River
2380,Highway
2381,PermanentCrop
2382,Highway
2383,Forest
2384,HerbaceousVegetation
2385,Forest
2386,River
2387,HerbaceousVegetation
2388,SeaLake
2389,Highway
2390,Highway
2391,HerbaceousVegetation
2392,River
2393,SeaLake
2394,Pasture
2395,Highway
2396,HerbaceousVegetation
2397,SeaLake
2398,HerbaceousVegetation
2399,SeaLake
2400,Highway
2401,Forest
2402,Forest
2403,Residential
2404,River
2405,Pasture
2406,Residential
2407,Forest
2408,Pasture
2409,Pasture
2410,Highway
2411,PermanentCrop
2412,PermanentCrop
2413,Pasture
2414,SeaLake
2415,Industrial
2416,Forest
2417,Industrial
2418,SeaLake
2419,HerbaceousVegetation
2420,Industrial
2421,PermanentCrop
2422,Highway
2423,River
2424,Highway
2425,Industrial
2426,Forest
2427,Forest
2428,Residential
2429,Forest
2430,PermanentCrop
2431,Forest
2432,Highway
2433,Forest
2434,Highway
2435,Forest
2436,Pasture
2437,PermanentCrop
2438,River
2439,Pasture
2440,SeaLake
2441,Highway
2442,PermanentCrop
2443,AnnualCrop
2444,SeaLake
2445,Residential
2446,Industrial
2447,SeaLake
2448,Forest
2449,Forest
2450,Highway
2451,AnnualCrop
2452,SeaLake
2453,Forest
2454,Pasture
2455,Highway
2456,SeaLake
2457,SeaLake
2458,AnnualCrop
2459,Forest
2460,SeaLake
2461,Residential
2462,PermanentCrop
2463,AnnualCrop
2464,Residential
2465,Industrial
2466,SeaLake
2467,HerbaceousVegetation
2468,Forest
2469,River
2470,Residential
2471,Highway
2472,Forest
2473,Highway
2474,SeaLake
2475,River
2476,HerbaceousVegetation
2477,PermanentCrop
2478,Pasture
2479,SeaLake
2480,SeaLake
2481,HerbaceousVegetation
2482,SeaLake
2483,Pasture
2484,Industrial
2485,Highway
2486,AnnualCrop
2487,Forest
2488,SeaLake
2489,Residential
2490,PermanentCrop
2491,Forest
2492,River
2493,River
2494,Forest
2495,SeaLake
2496,Pasture
2497,PermanentCrop
2498,SeaLake
2499,SeaLake
2500,Residential
2501,SeaLake
2502,Forest
2503,Industrial
2504,HerbaceousVegetation
2505,Pasture
2506,PermanentCrop
2507,Forest
2508,Pasture
2509,SeaLake
2510,Pasture
2511,SeaLake
2512,SeaLake
2513,Forest
2514,River
2515,Pasture
2516,Pasture
2517,HerbaceousVegetation
2518,River
2519,AnnualCrop
2520,River
2521,River
2522,River
2523,AnnualCrop
2524,SeaLake
2525,SeaLake
2526,HerbaceousVegetation
2527,River
2528,AnnualCrop
2529,SeaLake
2530,SeaLake
2531,River
2532,Highway
2533,SeaLake
2534,Forest
2535,SeaLake
2536,River
2537,Forest
2538,Residential
2539,River
2540,AnnualCrop
2541,Residential
2542,Highway
2543,Pasture
2544,Residential
2545,PermanentCrop
2546,Industrial
2547,Forest
2548,SeaLake
2549,Pasture
2550,River
2551,Pasture
2552,SeaLake
2553,Forest
2554,Highway
2555,River
2556,River
2557,River
2558,SeaLake
2559,Pasture
2560,Highway
2561,Residential
2562,Industrial
2563,River
2564,SeaLake
2565,River
2566,SeaLake
2567,Forest
2568,Residential
2569,Highway
2570,HerbaceousVegetation
2571,HerbaceousVegetation
2572,Industrial
2573,AnnualCrop
2574,Residential
2575,Forest
2576,Highway
2577,Highway
2578,Industrial
2579,PermanentCrop
2580,AnnualCrop
2581,Forest
2582,Highway
2583,SeaLake
2584,River
2585,Industrial
2586,Residential
2587,River
2588,River
2589,SeaLake
2590,Highway
2591,Highway
2592,Residential
2593,AnnualCrop
2594,Highway
2595,SeaLake
2596,Forest
2597,Pasture
2598,River
2599,SeaLake
2600,AnnualCrop
2601,AnnualCrop
2602,SeaLake
2603,River
2604,PermanentCrop
2605,SeaLake
2606,Highway
2607,Pasture
2608,AnnualCrop
2609,PermanentCrop
2610,Industrial
2611,PermanentCrop
2612,Forest
2613,Highway
2614,SeaLake
2615,Pasture
2616,Highway
2617,Highway
2618,Forest
2619,Pasture
2620,Residential
2621,PermanentCrop
2622,PermanentCrop
2623,Industrial
2624,PermanentCrop
2625,Highway
2626,AnnualCrop
2627,AnnualCrop
2628,SeaLake
2629,Forest
2630,Highway
2631,Forest
2632,Pasture
2633,Pasture
2634,SeaLake
2635,River
2636,Highway
2637,River
2638,AnnualCrop
2639,SeaLake
2640,Pasture
2641,HerbaceousVegetation
2642,SeaLake
2643,Highway
2644,Residential
2645,Residential
2646,Pasture
2647,Highway
2648,Forest
2649,Industrial
2650,HerbaceousVegetation
2651,Forest
2652,SeaLake
2653,River
2654,SeaLake
2655,PermanentCrop
2656,Highway
2657,Pasture
2658,Forest
2659,Highway
2660,Residential
2661,SeaLake
2662,Industrial
2663,Residential
2664,AnnualCrop
2665,Forest
2666,HerbaceousVegetation
2667,AnnualCrop
2668,Forest
2669,Residential
2670,Highway
2671,Industrial
2672,Pasture
2673,Industrial
2674,Forest
2675,AnnualCrop
2676,AnnualCrop
2677,Highway
2678,Industrial
2679,River
2680,AnnualCrop
2681,SeaLake
2682,Forest
2683,Forest
2684,SeaLake
2685,Forest
2686,Industrial
2687,Residential
2688,Industrial
2689,River
2690,AnnualCrop
2691,Pasture
2692,Pasture
2693,Forest
2694,AnnualCrop
2695,AnnualCrop
2696,Pasture
2697,Highway
2698,Highway
2699,Forest
2700,Pasture
2701,AnnualCrop
2702,Highway
2703,SeaLake
2704,SeaLake
2705,Residential
2706,HerbaceousVegetation
2707,Forest
2708,Industrial
2709,SeaLake
2710,Highway
2711,Forest
2712,AnnualCrop
2713,HerbaceousVegetation
2714,Highway
2715,Pasture
2716,HerbaceousVegetation
2717,Residential
2718,PermanentCrop
2719,Residential
2720,PermanentCrop
2721,Pasture
2722,SeaLake
2723,Residential
2724,Residential
2725,AnnualCrop
2726,Residential
2727,Forest
2728,SeaLake
2729,PermanentCrop
2730,SeaLake
2731,Highway
2732,Industrial
2733,River
2734,HerbaceousVegetation
2735,SeaLake
2736,SeaLake
2737,HerbaceousVegetation
2738,Pasture
2739,SeaLake
2740,AnnualCrop
2741,River
2742,Highway
2743,SeaLake
2744,River
2745,Industrial
2746,Industrial
2747,Industrial
2748,Forest
2749,Pasture
2750,Pasture
2751,AnnualCrop
2752,Pasture
2753,AnnualCrop
2754,Forest
2755,Residential
2756,SeaLake
2757,River
2758,PermanentCrop
2759,SeaLake
2760,Highway
2761,SeaLake
2762,SeaLake
2763,River
2764,Highway
2765,Industrial
2766,PermanentCrop
2767,SeaLake
2768,Residential
2769,SeaLake
2770,SeaLake
2771,Residential
2772,Pasture
2773,Residential
2774,Highway
2775,HerbaceousVegetation
2776,Residential
2777,HerbaceousVegetation
2778,SeaLake
2779,SeaLake
2780,AnnualCrop
2781,Forest
2782,Industrial
2783,Pasture
2784,Residential
2785,Residential
2786,Pasture
2787,Pasture
2788,Highway
2789,Highway
2790,River
2791,Industrial
2792,Industrial
2793,Highway
2794,Highway
2795,Highway
2796,Highway
2797,Highway
2798,SeaLake
2799,River
2800,Highway
2801,Forest
2802,Highway
2803,Forest
2804,SeaLake
2805,SeaLake
2806,River
2807,Residential
2808,HerbaceousVegetation
2809,AnnualCrop
2810,Pasture
2811,River
2812,Forest
2813,Highway
2814,Pasture
2815,SeaLake
2816,Industrial
2817,Pasture
2818,Highway
2819,Highway
2820,Highway
2821,River
2822,Pasture
2823,PermanentCrop
2824,Residential
2825,River
2826,Industrial
2827,Residential
2828,Residential
2829,PermanentCrop
2830,SeaLake
2831,Highway
2832,Pasture
2833,SeaLake
2834,Highway
2835,River
2836,HerbaceousVegetation
2837,Residential
2838,HerbaceousVegetation
2839,SeaLake
2840,Pasture
2841,HerbaceousVegetation
2842,River
2843,River
2844,Forest
2845,SeaLake
2846,SeaLake
2847,Highway
2848,SeaLake
2849,Highway
2850,SeaLake
2851,SeaLake
2852,SeaLake
2853,Industrial
2854,Pasture
2855,HerbaceousVegetation
2856,Highway
2857,Forest
2858,Pasture
2859,Highway
2860,PermanentCrop
2861,Pasture
2862,Residential
2863,Pasture
2864,SeaLake
2865,AnnualCrop
2866,River
2867,SeaLake
2868,Forest
2869,HerbaceousVegetation
2870,River
2871,Industrial
2872,Industrial
2873,HerbaceousVegetation
2874,Industrial
2875,AnnualCrop
2876,SeaLake
2877,Industrial
2878,SeaLake
2879,AnnualCrop
2880,Forest
2881,AnnualCrop
2882,Forest
2883,PermanentCrop
2884,Industrial
2885,HerbaceousVegetation
2886,HerbaceousVegetation
2887,Pasture
2888,SeaLake
2889,AnnualCrop
2890,HerbaceousVegetation
2891,SeaLake
2892,Highway
2893,Pasture
2894,Highway
2895,Residential
2896,AnnualCrop
2897,Industrial
2898,Pasture
2899,HerbaceousVegetation
2900,AnnualCrop
2901,Forest
2902,Pasture
2903,AnnualCrop
2904,Highway
2905,SeaLake
2906,Residential
2907,Highway
2908,Forest
2909,SeaLake
2910,Pasture
2911,Forest
2912,SeaLake
2913,HerbaceousVegetation
2914,PermanentCrop
2915,AnnualCrop
2916,HerbaceousVegetation
2917,PermanentCrop
2918,Pasture
2919,Highway
2920,AnnualCrop
2921,PermanentCrop
2922,Pasture
2923,SeaLake
2924,Forest
2925,Industrial
2926,River
2927,Forest
2928,Industrial
2929,Highway
2930,SeaLake
2931,SeaLake
2932,SeaLake
2933,Highway
2934,SeaLake
2935,AnnualCrop
2936,Highway
2937,Industrial
2938,Residential
2939,AnnualCrop
2940,SeaLake
2941,Residential
2942,SeaLake
2943,AnnualCrop
2944,SeaLake
2945,PermanentCrop
2946,SeaLake
2947,HerbaceousVegetation
2948,Pasture
2949,SeaLake
2950,PermanentCrop
2951,HerbaceousVegetation
2952,AnnualCrop
2953,PermanentCrop
2954,Forest
2955,Industrial
2956,HerbaceousVegetation
2957,Highway
2958,SeaLake
2959,SeaLake
2960,Pasture
2961,Forest
2962,Highway
2963,HerbaceousVegetation
2964,PermanentCrop
2965,Highway
2966,Forest
2967,SeaLake
2968,SeaLake
2969,Forest
2970,AnnualCrop
2971,SeaLake
2972,SeaLake
2973,AnnualCrop
2974,Industrial
2975,AnnualCrop
2976,River
2977,HerbaceousVegetation
2978,Pasture
2979,Residential
2980,HerbaceousVegetation
2981,Industrial
2982,SeaLake
2983,PermanentCrop
2984,Forest
2985,AnnualCrop
2986,River
2987,SeaLake
2988,HerbaceousVegetation
2989,Industrial
2990,SeaLake
2991,AnnualCrop
2992,Residential
2993,PermanentCrop
2994,Residential
2995,Pasture
2996,SeaLake
2997,Residential
2998,AnnualCrop
2999,Residential
3000,Pasture
3001,SeaLake
3002,River
3003,Highway
3004,Industrial
3005,Pasture
3006,River
3007,Industrial
3008,River
3009,River
3010,HerbaceousVegetation
3011,SeaLake
3012,Forest
3013,HerbaceousVegetation
3014,Residential
3015,AnnualCrop
3016,Residential
3017,Pasture
3018,Residential
3019,River
3020,River
3021,AnnualCrop
3022,Pasture
3023,SeaLake
3024,SeaLake
3025,Residential
3026,Forest
3027,SeaLake
3028,SeaLake
3029,Residential
3030,SeaLake
3031,River
3032,Pasture
3033,HerbaceousVegetation
3034,HerbaceousVegetation
3035,Pasture
3036,AnnualCrop
3037,AnnualCrop
3038,HerbaceousVegetation
3039,Residential
3040,River
3041,AnnualCrop
3042,Residential
3043,Residential
3044,Residential
3045,PermanentCrop
3046,AnnualCrop
3047,River
3048,Residential
3049,Pasture
3050,HerbaceousVegetation
3051,PermanentCrop
3052,Highway
3053,Forest
3054,SeaLake
3055,Highway
3056,HerbaceousVegetation
3057,Forest
3058,AnnualCrop
3059,Residential
3060,Pasture
3061,SeaLake
3062,SeaLake
3063,AnnualCrop
3064,Pasture
3065,River
3066,HerbaceousVegetation
3067,Residential
3068,SeaLake
3069,Residential
3070,Forest
3071,SeaLake
3072,Highway
3073,Highway
3074,Residential
3075,HerbaceousVegetation
3076,SeaLake
3077,Forest
3078,HerbaceousVegetation
3079,Forest
3080,Highway
3081,AnnualCrop
3082,SeaLake
3083,SeaLake
3084,River
3085,Highway
3086,Highway
3087,Industrial
3088,Highway
3089,Industrial
3090,Forest
3091,AnnualCrop
3092,Residential
3093,AnnualCrop
3094,PermanentCrop
3095,SeaLake
3096,Highway
3097,Residential
3098,Forest
3099,SeaLake
3100,Forest
3101,Pasture
3102,Residential
3103,SeaLake
3104,SeaLake
3105,River
3106,SeaLake
3107,River
3108,Forest
3109,Industrial
3110,Residential
3111,River
3112,River
3113,AnnualCrop
3114,Highway
3115,SeaLake
3116,Forest
3117,SeaLake
3118,Highway
3119,Highway
3120,SeaLake
3121,SeaLake
3122,PermanentCrop
3123,Industrial
3124,SeaLake
3125,Forest
3126,AnnualCrop
3127,Pasture
3128,Highway
3129,Residential
3130,HerbaceousVegetation
3131,AnnualCrop
3132,Highway
3133,Highway
3134,SeaLake
3135,Pasture
3136,PermanentCrop
3137,PermanentCrop
3138,AnnualCrop
3139,Highway
3140,River
3141,Forest
3142,SeaLake
3143,Industrial
3144,Forest
3145,Pasture
3146,HerbaceousVegetation
3147,AnnualCrop
3148,SeaLake
3149,SeaLake
3150,SeaLake
3151,AnnualCrop
3152,Forest
3153,Industrial
3154,Residential
3155,River
3156,Pasture
3157,HerbaceousVegetation
3158,Highway
3159,Highway
3160,Highway
3161,Industrial
3162,Pasture
3163,Forest
3164,Forest
3165,PermanentCrop
3166,HerbaceousVegetation
3167,Pasture
3168,Pasture
3169,Pasture
3170,PermanentCrop
3171,AnnualCrop
3172,Residential
3173,SeaLake
3174,Pasture
3175,River
3176,HerbaceousVegetation
3177,Forest
3178,Highway
3179,Pasture
3180,SeaLake
3181,River
3182,Industrial
3183,Forest
3184,Pasture
3185,Forest
3186,Industrial
3187,PermanentCrop
3188,Forest
3189,HerbaceousVegetation
3190,SeaLake
3191,HerbaceousVegetation
3192,Forest
3193,Forest
3194,Industrial
3195,SeaLake
3196,SeaLake
3197,HerbaceousVegetation
3198,HerbaceousVegetation
3199,AnnualCrop
3200,Forest
3201,SeaLake
3202,Pasture
3203,SeaLake
3204,Highway
3205,River
3206,River
3207,Highway
3208,Forest
3209,AnnualCrop
3210,Forest
3211,Highway
3212,Residential
3213,SeaLake
3214,SeaLake
3215,Industrial
3216,River
3217,Pasture
3218,SeaLake
3219,River
3220,Pasture
3221,Forest
3222,SeaLake
3223,Highway
3224,Highway
3225,Highway
3226,Pasture
3227,River
3228,HerbaceousVegetation
3229,Industrial
3230,River
3231,Residential
3232,Pasture
3233,PermanentCrop
3234,AnnualCrop
3235,River
3236,PermanentCrop
3237,SeaLake
3238,AnnualCrop
3239,SeaLake
3240,AnnualCrop
3241,Residential
3242,PermanentCrop
3243,Highway
3244,Forest
3245,Residential
3246,Highway
3247,HerbaceousVegetation
3248,Industrial
3249,PermanentCrop
3250,Forest
3251,Industrial
3252,PermanentCrop
3253,HerbaceousVegetation
3254,Forest
3255,SeaLake
3256,Residential
3257,Industrial
3258,SeaLake
3259,Highway
3260,Highway
3261,AnnualCrop
3262,Forest
3263,SeaLake
3264,Highway
3265,Pasture
3266,PermanentCrop
3267,Forest
3268,Highway
3269,Highway
3270,River
3271,Forest
3272,HerbaceousVegetation
3273,Pasture
3274,SeaLake
3275,Forest
3276,SeaLake
3277,Pasture
3278,HerbaceousVegetation
3279,SeaLake
3280,Pasture
3281,Residential
3282,Forest
3283,Residential
3284,SeaLake
3285,Industrial
3286,SeaLake
3287,Residential
3288,Pasture
3289,Pasture
3290,PermanentCrop
3291,Pasture
3292,SeaLake
3293,SeaLake
3294,PermanentCrop
3295,Pasture
3296,AnnualCrop
3297,Forest
3298,Pasture
3299,PermanentCrop
3300,Highway
3301,HerbaceousVegetation
3302,HerbaceousVegetation
3303,Industrial
3304,River
3305,Residential
3306,River
3307,HerbaceousVegetation
3308,PermanentCrop
3309,HerbaceousVegetation
3310,SeaLake
3311,AnnualCrop
3312,SeaLake
3313,River
3314,Pasture
3315,SeaLake
3316,Industrial
3317,Industrial
3318,Residential
3319,SeaLake
3320,PermanentCrop
3321,Highway
3322,SeaLake
3323,Forest
3324,Pasture
3325,SeaLake
3326,Forest
3327,River
3328,PermanentCrop
3329,Forest
3330,HerbaceousVegetation
3331,PermanentCrop
3332,Pasture
3333,Forest
3334,SeaLake
3335,Highway
3336,Highway
3337,SeaLake
3338,Forest
3339,SeaLake
3340,Industrial
3341,AnnualCrop
3342,Forest
3343,Pasture
3344,Pasture
3345,AnnualCrop
3346,SeaLake
3347,HerbaceousVegetation
3348,AnnualCrop
3349,HerbaceousVegetation
3350,River
3351,HerbaceousVegetation
3352,River
3353,Pasture
3354,SeaLake
3355,Highway
3356,Residential
3357,HerbaceousVegetation
3358,Forest
3359,Highway
3360,SeaLake
3361,AnnualCrop
3362,SeaLake
3363,SeaLake
3364,Highway
3365,AnnualCrop
3366,River
3367,HerbaceousVegetation
3368,River
3369,SeaLake
3370,AnnualCrop
3371,Forest
3372,Pasture
3373,Forest
3374,PermanentCrop
3375,Industrial
3376,Residential
3377,SeaLake
3378,Pasture
3379,Highway
3380,PermanentCrop
3381,SeaLake
3382,Highway
3383,Residential
3384,Residential
3385,HerbaceousVegetation
3386,AnnualCrop
3387,AnnualCrop
3388,AnnualCrop
3389,Industrial
3390,Pasture
3391,Industrial
3392,Industrial
3393,AnnualCrop
3394,PermanentCrop
3395,HerbaceousVegetation
3396,HerbaceousVegetation
3397,Highway
3398,SeaLake
3399,HerbaceousVegetation
3400,River
3401,HerbaceousVegetation
3402,HerbaceousVegetation
3403,Highway
3404,HerbaceousVegetation
3405,SeaLake
3406,Pasture
3407,PermanentCrop
3408,Residential
3409,SeaLake
3410,Forest
3411,Pasture
3412,PermanentCrop
3413,Forest
3414,HerbaceousVegetation
3415,Highway
3416,SeaLake
3417,AnnualCrop
3418,SeaLake
3419,AnnualCrop
3420,Residential
3421,Pasture
3422,AnnualCrop
3423,Industrial
3424,Residential
3425,Pasture
3426,River
3427,SeaLake
3428,River
3429,Forest
3430,AnnualCrop
3431,HerbaceousVegetation
3432,AnnualCrop
3433,AnnualCrop
3434,HerbaceousVegetation
3435,Residential
3436,HerbaceousVegetation
3437,Forest
3438,PermanentCrop
3439,Forest
3440,Highway
3441,Residential
3442,Highway
3443,AnnualCrop
3444,Pasture
3445,SeaLake
3446,Highway
3447,Highway
3448,Highway
3449,River
3450,PermanentCrop
3451,PermanentCrop
3452,SeaLake
3453,HerbaceousVegetation
3454,Forest
3455,Pasture
3456,HerbaceousVegetation
3457,AnnualCrop
3458,AnnualCrop
3459,HerbaceousVegetation
3460,Forest
3461,Industrial
3462,AnnualCrop
3463,Residential
3464,Pasture
3465,River
3466,Highway
3467,River
3468,Forest
3469,SeaLake
3470,River
3471,Highway
3472,Residential
3473,River
3474,Residential
3475,Highway
3476,AnnualCrop
3477,Pasture
3478,River
3479,Highway
3480,PermanentCrop
3481,River
3482,Highway
3483,Highway
3484,Highway
3485,HerbaceousVegetation
3486,AnnualCrop
3487,HerbaceousVegetation
3488,HerbaceousVegetation
3489,Industrial
3490,Pasture
3491,Residential
3492,River
3493,SeaLake
3494,Pasture
3495,SeaLake
3496,Pasture
3497,SeaLake
3498,HerbaceousVegetation
3499,Pasture
3500,Residential
3501,Residential
3502,Highway
3503,Forest
3504,SeaLake
3505,HerbaceousVegetation
3506,PermanentCrop
3507,Industrial
3508,Residential
3509,HerbaceousVegetation
3510,SeaLake
3511,SeaLake
3512,SeaLake
3513,AnnualCrop
3514,Highway
3515,SeaLake
3516,Industrial
3517,River
3518,SeaLake
3519,AnnualCrop
3520,River
3521,SeaLake
3522,HerbaceousVegetation
3523,SeaLake
3524,Highway
3525,SeaLake
3526,AnnualCrop
3527,SeaLake
3528,Pasture
3529,Highway
3530,PermanentCrop
3531,Industrial
3532,Pasture
3533,PermanentCrop
3534,Residential
3535,River
3536,SeaLake
3537,Forest
3538,SeaLake
3539,Pasture
3540,Industrial
3541,SeaLake
3542,River
3543,Pasture
3544,Pasture
3545,River
3546,SeaLake
3547,HerbaceousVegetation
3548,River
3549,Highway
3550,SeaLake
3551,HerbaceousVegetation
3552,HerbaceousVegetation
3553,SeaLake
3554,PermanentCrop
3555,HerbaceousVegetation
3556,SeaLake
3557,River
3558,SeaLake
3559,Pasture
3560,HerbaceousVegetation
3561,Industrial
3562,HerbaceousVegetation
3563,Highway
3564,SeaLake
3565,Residential
3566,Highway
3567,Forest
3568,SeaLake
3569,Pasture
3570,Residential
3571,AnnualCrop
3572,SeaLake
3573,SeaLake
3574,Pasture
3575,Industrial
3576,Industrial
3577,Industrial
3578,HerbaceousVegetation
3579,SeaLake
3580,Highway
3581,Forest
3582,Industrial
3583,HerbaceousVegetation
3584,Industrial
3585,SeaLake
3586,Forest
3587,SeaLake
3588,Pasture
3589,SeaLake
3590,AnnualCrop
3591,Industrial
3592,HerbaceousVegetation
3593,Pasture
3594,SeaLake
3595,SeaLake
3596,SeaLake
3597,Pasture
3598,Highway
3599,HerbaceousVegetation
3600,Pasture
3601,AnnualCrop
3602,SeaLake
3603,HerbaceousVegetation
3604,SeaLake
3605,HerbaceousVegetation
3606,AnnualCrop
3607,Industrial
3608,SeaLake
3609,Forest
3610,Residential
3611,SeaLake
3612,SeaLake
3613,PermanentCrop
3614,Pasture
3615,River
3616,Forest
3617,Forest
3618,Highway
3619,Residential
3620,SeaLake
3621,Pasture
3622,Forest
3623,AnnualCrop
3624,PermanentCrop
3625,Highway
3626,SeaLake
3627,Highway
3628,HerbaceousVegetation
3629,Forest
3630,SeaLake
3631,AnnualCrop
3632,AnnualCrop
3633,Highway
3634,Highway
3635,Highway
3636,Forest
3637,SeaLake
3638,River
3639,Residential
3640,Industrial
3641,Pasture
3642,Highway
3643,PermanentCrop
3644,Pasture
3645,SeaLake
3646,Industrial
3647,SeaLake
3648,PermanentCrop
3649,PermanentCrop
3650,PermanentCrop
3651,Pasture
3652,Highway
3653,Industrial
3654,Forest
3655,Industrial
3656,SeaLake
3657,AnnualCrop
3658,PermanentCrop
3659,Industrial
3660,AnnualCrop
3661,PermanentCrop
3662,Forest
3663,AnnualCrop
3664,SeaLake
3665,SeaLake
3666,River
3667,HerbaceousVegetation
3668,Highway
3669,Forest
3670,Highway
3671,AnnualCrop
3672,AnnualCrop
3673,Highway
3674,SeaLake
3675,SeaLake
3676,Residential
3677,Residential
3678,AnnualCrop
3679,AnnualCrop
3680,Pasture
3681,Highway
3682,PermanentCrop
3683,Forest
3684,Forest
3685,Industrial
3686,River
3687,Forest
3688,AnnualCrop
3689,Forest
3690,Residential
3691,SeaLake
3692,Forest
3693,Forest
3694,Residential
3695,PermanentCrop
3696,Forest
3697,Pasture
3698,Residential
3699,AnnualCrop
3700,Highway
3701,Residential
3702,Forest
3703,SeaLake
3704,Residential
3705,River
3706,PermanentCrop
3707,Pasture
3708,River
3709,Industrial
3710,River
3711,Pasture
3712,River
3713,Highway
3714,SeaLake
3715,River
3716,SeaLake
3717,Industrial
3718,Forest
3719,SeaLake
3720,AnnualCrop
3721,Residential
3722,SeaLake
3723,Highway
3724,Residential
3725,AnnualCrop
3726,SeaLake
3727,Industrial
3728,River
3729,River
3730,PermanentCrop
3731,AnnualCrop
3732,Forest
3733,SeaLake
3734,Residential
3735,Highway
3736,PermanentCrop
3737,Pasture
3738,River
3739,Forest
3740,PermanentCrop
3741,PermanentCrop
3742,Residential
3743,Highway
3744,Industrial
3745,River
3746,Industrial
3747,AnnualCrop
3748,HerbaceousVegetation
3749,Residential
3750,Industrial
3751,SeaLake
3752,PermanentCrop
3753,River
3754,Forest
3755,Industrial
3756,AnnualCrop
3757,SeaLake
3758,River
3759,HerbaceousVegetation
3760,Highway
3761,PermanentCrop
3762,River
3763,Residential
3764,Highway
3765,Residential
3766,PermanentCrop
3767,Highway
3768,Forest
3769,Highway
3770,Industrial
3771,Residential
3772,Residential
3773,Residential
3774,PermanentCrop
3775,HerbaceousVegetation
3776,Industrial
3777,Highway
3778,River
3779,Forest
3780,River
3781,SeaLake
3782,HerbaceousVegetation
3783,Highway
3784,Industrial
3785,SeaLake
3786,SeaLake
3787,Highway
3788,Highway
3789,AnnualCrop
3790,Pasture
3791,HerbaceousVegetation
3792,Industrial
3793,Forest
3794,Highway
3795,SeaLake
3796,AnnualCrop
3797,Pasture
3798,SeaLake
3799,Highway
3800,Highway
3801,PermanentCrop
3802,AnnualCrop
3803,SeaLake
3804,Industrial
3805,SeaLake
3806,Forest
3807,River
3808,PermanentCrop
3809,SeaLake
3810,AnnualCrop
3811,Industrial
3812,SeaLake
3813,Highway
3814,Industrial
3815,Highway
3816,HerbaceousVegetation
3817,SeaLake
3818,River
3819,PermanentCrop
3820,AnnualCrop
3821,SeaLake
3822,River
3823,Industrial
3824,SeaLake
3825,Industrial
3826,Forest
3827,Highway
3828,AnnualCrop
3829,SeaLake
3830,Industrial
3831,River
3832,Forest
3833,Industrial
3834,Pasture
3835,SeaLake
3836,SeaLake
3837,SeaLake
3838,PermanentCrop
3839,AnnualCrop
3840,Forest
3841,Industrial
3842,AnnualCrop
3843,Residential
3844,Forest
3845,PermanentCrop
3846,Residential
3847,Residential
3848,PermanentCrop
3849,SeaLake
3850,Residential
3851,Forest
3852,SeaLake
3853,Residential
3854,SeaLake
3855,PermanentCrop
3856,Residential
3857,SeaLake
3858,SeaLake
3859,Highway
3860,SeaLake
3861,PermanentCrop
3862,Forest
3863,Highway
3864,Industrial
3865,Highway
3866,River
3867,Residential
3868,Residential
3869,Highway
3870,Forest
3871,Highway
3872,AnnualCrop
3873,Residential
3874,Forest
3875,Industrial
3876,Highway
3877,PermanentCrop
3878,HerbaceousVegetation
3879,Pasture
3880,River
3881,SeaLake
3882,Industrial
3883,River
3884,Residential
3885,Industrial
3886,AnnualCrop
3887,SeaLake
3888,Industrial
3889,HerbaceousVegetation
3890,Pasture
3891,Forest
3892,River
3893,River
3894,Highway
3895,River
3896,SeaLake
3897,Pasture
3898,Industrial
3899,AnnualCrop
3900,Residential
3901,Highway
3902,Residential
3903,AnnualCrop
3904,Residential
3905,River
3906,Pasture
3907,River
3908,SeaLake
3909,Industrial
3910,SeaLake
3911,Residential
3912,Pasture
3913,AnnualCrop
3914,SeaLake
3915,PermanentCrop
3916,Forest
3917,Forest
3918,Residential
3919,SeaLake
3920,River
3921,Highway
3922,Pasture
3923,Forest
3924,Residential
3925,PermanentCrop
3926,SeaLake
3927,SeaLake
3928,Forest
3929,Pasture
3930,Highway
3931,PermanentCrop
3932,HerbaceousVegetation
3933,Highway
3934,SeaLake
3935,Residential
3936,SeaLake
3937,Industrial
3938,Industrial
3939,Residential
3940,Highway
3941,Forest
3942,Pasture
3943,Industrial
3944,Highway
3945,HerbaceousVegetation
3946,Industrial
3947,HerbaceousVegetation
3948,SeaLake
3949,Pasture
3950,AnnualCrop
3951,Forest
3952,AnnualCrop
3953,Forest
3954,HerbaceousVegetation
3955,SeaLake
3956,River
3957,SeaLake
3958,Highway
3959,AnnualCrop
3960,SeaLake
3961,Residential
3962,HerbaceousVegetation
3963,Forest
3964,HerbaceousVegetation
3965,SeaLake
3966,Residential
3967,Highway
3968,Forest
3969,SeaLake
3970,Residential
3971,Forest
3972,Pasture
3973,Residential
3974,Pasture
3975,Residential
3976,Residential
3977,Highway
3978,HerbaceousVegetation
3979,PermanentCrop
3980,SeaLake
3981,Pasture
3982,River
3983,River
3984,SeaLake
3985,Industrial
3986,PermanentCrop
3987,AnnualCrop
3988,Forest
3989,Highway
3990,River
3991,PermanentCrop
3992,AnnualCrop
3993,Pasture
3994,Forest
3995,River
3996,Highway
3997,HerbaceousVegetation
3998,Industrial
3999,Forest
4000,SeaLake
4001,Highway
4002,Industrial
4003,Pasture
4004,Residential
4005,Highway
4006,Forest
4007,SeaLake
4008,Industrial
4009,SeaLake
4010,HerbaceousVegetation
4011,HerbaceousVegetation
4012,Pasture
4013,HerbaceousVegetation
4014,SeaLake
4015,Industrial
4016,Highway
4017,SeaLake
4018,AnnualCrop
4019,HerbaceousVegetation
4020,SeaLake
4021,Forest
4022,Residential
4023,Highway
4024,AnnualCrop
4025,River
4026,SeaLake
4027,Highway
4028,PermanentCrop
4029,Industrial
4030,River
4031,Pasture
4032,SeaLake
4033,AnnualCrop
4034,SeaLake
4035,River
4036,HerbaceousVegetation
4037,Highway
4038,River
4039,Residential
4040,SeaLake
4041,SeaLake
4042,Highway
4043,SeaLake
4044,SeaLake
4045,Residential
4046,AnnualCrop
4047,Residential
4048,AnnualCrop
4049,HerbaceousVegetation
4050,HerbaceousVegetation
4051,HerbaceousVegetation
4052,Highway
4053,River
4054,Highway
4055,SeaLake
4056,PermanentCrop
4057,Pasture
4058,Forest
4059,Forest
4060,Residential
4061,HerbaceousVegetation
4062,SeaLake
4063,Industrial
4064,SeaLake
4065,SeaLake
4066,River
4067,Forest
4068,River
4069,AnnualCrop
4070,Pasture
4071,HerbaceousVegetation
4072,Industrial
4073,PermanentCrop
4074,Residential
4075,SeaLake
4076,AnnualCrop
4077,SeaLake
4078,HerbaceousVegetation
4079,Industrial
4080,Pasture
4081,PermanentCrop
4082,Pasture
4083,Residential
4084,Industrial
4085,SeaLake
4086,Industrial
4087,Residential
4088,SeaLake
4089,Forest
4090,PermanentCrop
4091,SeaLake
4092,Forest
4093,Forest
4094,River
4095,Pasture
4096,Industrial
4097,HerbaceousVegetation
4098,AnnualCrop
4099,Forest
4100,Highway
4101,SeaLake
4102,Pasture
4103,Pasture
4104,SeaLake
4105,SeaLake
4106,HerbaceousVegetation
4107,SeaLake
4108,Residential
4109,SeaLake
4110,Residential
4111,HerbaceousVegetation
4112,Highway
4113,Pasture
4114,SeaLake
4115,PermanentCrop
4116,AnnualCrop
4117,Pasture
4118,River
4119,SeaLake
4120,HerbaceousVegetation
4121,Pasture
4122,PermanentCrop
4123,PermanentCrop
4124,Residential
4125,Forest
4126,HerbaceousVegetation
4127,SeaLake
4128,SeaLake
4129,SeaLake
4130,SeaLake
4131,SeaLake
4132,AnnualCrop
4133,River
4134,Industrial
4135,SeaLake
4136,PermanentCrop
4137,Highway
4138,Forest
4139,River
4140,AnnualCrop
4141,Forest
4142,AnnualCrop
4143,Forest
4144,AnnualCrop
4145,AnnualCrop
4146,Pasture
4147,Industrial
4148,Pasture
4149,Residential
4150,Pasture
4151,Highway
4152,Pasture
4153,HerbaceousVegetation
4154,Highway
4155,Pasture
4156,Residential
4157,Highway
4158,PermanentCrop
4159,River
4160,AnnualCrop
4161,Highway
4162,Residential
4163,Forest
4164,PermanentCrop
4165,Highway
4166,HerbaceousVegetation
4167,AnnualCrop
4168,SeaLake
4169,Industrial
4170,Forest
4171,AnnualCrop
4172,River
4173,PermanentCrop
4174,HerbaceousVegetation
4175,SeaLake
4176,Residential
4177,AnnualCrop
4178,AnnualCrop
4179,Highway
4180,Pasture
4181,HerbaceousVegetation
4182,HerbaceousVegetation
4183,PermanentCrop
4184,Forest
4185,HerbaceousVegetation
4186,Pasture
4187,Pasture
4188,AnnualCrop
4189,SeaLake
4190,Pasture
4191,AnnualCrop
4192,Industrial
4193,SeaLake
4194,AnnualCrop
4195,Forest
4196,Pasture
4197,SeaLake
4198,Forest
4199,Highway
4200,Forest
4201,Forest
4202,PermanentCrop
4203,AnnualCrop
4204,Highway
4205,Highway
4206,SeaLake
4207,Forest
4208,Highway
4209,Pasture
4210,Industrial
4211,Residential
4212,AnnualCrop
4213,Residential
4214,Forest
4215,Highway
4216,PermanentCrop
4217,Industrial
4218,Forest
4219,Pasture
4220,Highway
4221,Highway
4222,Forest
4223,Residential
4224,Forest
4225,SeaLake
4226,HerbaceousVegetation
4227,Pasture
4228,Highway
4229,River
4230,Residential
4231,Forest
